month,energy
1,29804.16672280229
2,29502.44390966309
3,28622.57123655914
4,27600.841684064024
5,27661.28153380424
6,28979.681833970128
7,29929.972091459313
8,28576.720430107525
9,28326.56929489406
10,27669.932750504373
11,29114.565670604585
12,28623.967731092438
