year,energy
2015,28358.506011679834
2016,28507.837111288303
2017,28856.996917104363
2018,29064.3270526436
